Soho#,Date/Time of Post,Discoverer,Tel,Group, Images of...
4273,Aug31 21 10:53:04,W.Boonplod,C2 C3,Meyer,Aug31 21 
4274,Sep02 21 18:03:46,W.Boonplod,C2,NonGrp,Sep02 21
4275,Sep11 21 06:30:01,W.Boonplod,H1 C3,Kreutz,Sep11 21
4276,Sep11 21 09:41:12,W.Boonplod,C2,NonGrp,Sep11 21
4277,Sep11 21 19:27:22,M.Uchina,H1 C3,Kreutz,Sep11-12 21
4278,Sep12 21 13:26:25,W.Boonplod,H1 C3 C2,Kreutz,Sep12-13 21
4279,Sep15 21 19:44:03,W.Boonplod,H1 C3,Kreutz,Sep15-16 21
4280,Sep18 21 06:25:38,W.Boonplod,H1 C3,Kreutz,Sep18 21
4281,Sep30 21 11:34:07,W.Boonplod,H1 C3 C2,Kreutz,Sep30-Oct01 21
4282,Oct02 21 10:04:23,P.Sun,H1 C3,Kreutz,Oct01-03 21
4283*,Oct07 21 05:56pm,W.Boonplod,H1 C3 C2,Kreutz,Oct07-08 21
4284*,Oct07 21 08:35pm,W.Boonplod,C2,Kreutz,Oct07 21
4285*,Oct11 21 11:42am,Z.Yang,H1 C2,Kreutz,Oct10-11 21
4286*,Oct13 21 02:32am,Z.Yang,H1 C2,Kreutz,Oct12-13 21
4287*,Oct13 21 06:20pm,W.Boonplod,H1 C3 C2,Kreutz,Oct13 21 
4288*,Oct15 21 12:07pm,W.Boonplod,H1 C3 C2,Kreutz,Oct15 21
4289*,Oct15 21 04:53pm,M.Uchina,H1 C3 C2,Kreutz,Oct15 21
4290*,Oct16 21 08:19am,Biesiada/Uchina,H1 C2,Kreutz,Oct16 21
4291*,Oct18 21 06:55am,Biesiada/Yang,H1 C2,Kreutz,Oct17-18 21
4292*,Oct19 21 11:24am,W.Boonplod,H1 C3 C2,Kreutz,Oct19 21
4293*,Oct19 21 04:44pm,W.Boonplod,C2,Kreutz,Oct19 21
4294*,Oct22 21 03:49am,Pickard/Biesiada,H1 C2,Kreutz,Oct21-22 21
4295*,Oct22 21 05:14pm,R.Pickard,H1 C2,Kreutz,Oct22 21
4296*,Oct27 21 03:51am,R.Pickard,H1 C3 C2,Kreutz,Oct26-27 21
4297*,Oct27 21 10:52am,Z.Yang,H1 C3,Kreutz,Oct27 21
4298,Oct27 21 10:43:35,Liwo/Ruan,C2,Kreutz,Oct27 21
4299*,Oct27 21 02:53pm,R.Pickard,C2,Kreutz,Oct27 21
4300*,Oct30 21 07:43am,Uchina/Biros,C2,Kreutz,Oct30 21
