PSP#,Report Date/Time,Discoverer(s),Tel,Group,Images of...
0001,Sep25 22 02:32am,P.Berrett,WISPR-I,Kreutz,May29 22
0002,N/A,K.Battams,WISPR-I,Kreutz,Sep01-02 22
0003,N/A,K.Battams,WISPR-I,Kreutz,Sep02 22
0004,N/A,K.Battams,WISPR-I,Kreutz,Sep01 22
0005,Feb11 23 11:25pm,P.Berrett,WISPR-I,Kreutz,Nov18 21
0006,May13 23 04:54am,P.Berrett,WISPR-I/O, NonGrp,Dec11 22
0007,Jul12 23 10:03am,K.Battams,WISPR-I,Kreutz,Mar12 23
0008,Jul16 23 04:41pm,R.Biros, WISPR-I/C3/H1A,NonGrp,Dec06-07 22
0009,Jul28 23 04:40pm,R.Biros,WISPR-I,Kreutz,Apr25 21
0010,Jul28 23 04:40pm,R.Biros,WISPR-I,Kreutz,Apr25 21
0011,Jul24 23 08:09am,R.Biros,WISPR-I,Kreutz,Nov17 21
0012,Jul30 23 05:10pm,R.Biros,WISPR-I,Kreutz,Feb21 22
