Discoverer,Date,Type,Tel/Camera
Jiangao Ruan,2023-10-12,Kreutz,C3
Jiangao Ruan,2023-10-10,Kreutz,C3
Trygve Prestgard,2023-10-10,Possible Fragment/Companion	Kreutz,C2
Trygve Prestgard,2023-10-10,Possible Fragment/Companion	Kreutz,C2
Jiangao Ruan,2023-10-09,Kreutz,C3
Robert Pickard,2023-10-08,Kreutz,C3
Jiangao Ruan,2023-10-07,Kreutz,C3
Szymon Liwo,2023-10-07,Non-Group,C3
Zesheng Yang,2023-10-06,Kreutz,C2
Jiangao Ruan,2023-10-05,Kreutz,C3
Robert Pickard,2023-10-03,Kreutz,C3
Robert Pickard,2023-10-02,Kreutz,C3
Worachate Boonplod,2023-10-01,Kreutz,C3
